{"graph_info": {"edges": [[577667, 429425], [577667, 290844], [577667, 347832], [272005, 290844], [272005, 356392], [272005, 952520], [272005, 1511780], [272005, 429425], [272005, 255597], [272005, 347832], [272005, 628536], [272005, 398216], [272005, 269216], [1068679, 290844], [398216, 628536], [398216, 255597], [1236249, 290844], [1236249, 429425], [290844, 534573], [290844, 429425], [290844, 1237242], [290844, 255597], [290844, 628536], [290844, 952520], [269216, 255597], [269216, 952520], [356392, 1695685], [356392, 534573], [356392, 628536], [356392, 255597], [356392, 952520], [534573, 255597], [347832, 628536], [347832, 429425], [628536, 429425], [628536, 255597], [952520, 255597], [952520, 429425], [577667, 347832], [577667, 272005], [577667, 952520], [577667, 429425], [272005, 534573], [272005, 952520], [272005, 635203], [272005, 545113], [272005, 535899], [272005, 977345], [272005, 566996], [272005, 628536], [272005, 517973], [272005, 846681], [1068679, 952520], [1236249, 570318], [1236249, 566996], [534573, 545113], [534573, 535899], [534573, 255597], [534573, 628536], [930736, 255597], [347832, 628536], [628536, 255597], [628536, 429425], [977345, 255597], [977345, 952520], [635203, 255597], [952520, 429425], [952520, 545113], [952520, 255597], [566996, 255597], [517973, 255597], [545113, 255597], [535899, 255597], [577667, 1064754], [577667, 1007573], [1087492, 952520], [1087492, 1236249], [1087492, 570318], [272005, 1068679], [272005, 1237242], [272005, 1007573], [272005, 1236249], [272005, 1064754], [272005, 1262322], [272005, 1031623], [272005, 1456453], [1068679, 534573], [1068679, 952520], [1068679, 1064754], [1068679, 255597], [1068679, 429425], [1068679, 1262322], [1236249, 429425], [1236249, 570318], [1064754, 255597], [1064754, 429425], [1064754, 952520], [1064754, 628536], [347832, 1262322], [1031623, 255597], [1031623, 952520], [570318, 1262322], [1237242, 255597], [255597, 1262322], [577667, 1597478], [577667, 1501154], [272005, 1695685], [272005, 1597478], [272005, 1511780], [272005, 1587860], [272005, 1509023], [272005, 1655746], [272005, 1501154], [272005, 1535994], [1068679, 1501154], [1745161, 255597], [1509023, 255597], [1597478, 628536], [1597478, 429425], [1597478, 952520], [1597478, 255597], [356392, 1695685], [1655746, 952520], [1655746, 255597], [1695685, 255597], [1695685, 952520], [952520, 1501154], [952520, 1511780], [1501154, 255597], [255597, 1609850]], "in_degree": {"577667": -0.575130285598461, "1087492": 0.9332104907614044, "272005": -0.5861400722872192, "1068679": -0.7678015526517286, "398216": -0.3053905117238866, "1745161": 0.22307924933650422, "1587860": -0.48154709874401685, "1236249": -0.3219051917570238, "290844": 2.4966002005650605, "1509023": 0.03591287562761582, "269216": -0.2833709383463703, "1597478": -0.4980617787771541, "356392": -0.3714492318564354, "534573": -0.6521987924197681, "930736": 1.8139934258620558, "1064754": 0.25610860940277863, "1383859": -0.9219385662943426, "628536": -0.718257512552317, "1163320": 1.3791068516561091, "347832": -0.5861400722872192, "977345": -0.4540226320221215, "1655746": -0.7567917659629704, "635203": -0.07418499125996561, "1456453": 3.597578869440875, "1695685": -0.6687134724529052, "1031623": 1.9626255461602906, "952520": -0.34942965847891916, "570318": -0.8558798461617937, "566996": -0.2833709383463703, "517973": 0.024903088938857672, "1007573": -0.6687134724529052, "846681": 0.2616135027471577, "545113": -0.5916449656315983, "535899": -0.6632085791085262, "1501154": 1.7149053456632324, "1511780": -0.23933179159133774, "1609850": -0.4980617787771541, "1237242": 0.23959392936964144, "255597": 0.3882260496678764, "429425": -0.8448700594730355, "1262322": -0.6577036857641472, "1535994": -0.6521987924197681}, "out_degree": {"577667": 1.5594203412084535, "1087492": -0.44441270913759323, "272005": 0.6688278743879883, "1068679": -0.5928447869410041, "398216": -0.5557367674901513, "1745161": 1.1512321272490738, "1587860": -0.8526009230969731, "1236249": -0.1846565729816242, "290844": 0.0008835242726394132, "1509023": -0.741276864744415, "269216": -0.8154929036461204, "1597478": -0.07333251462906602, "356392": -0.6299528063918568, "534573": 0.0008835242726394132, "930736": 0.07509956317434485, "1064754": 0.2606396604286084, "1383859": -0.8154929036461204, "628536": 0.2235316409777557, "1163320": 4.639385955629229, "347832": -0.37019667023588776, "977345": 0.186423621526903, "1655746": -0.6670608258427095, "635203": -0.7783848841952676, "1456453": -0.1846565729816242, "1695685": -0.741276864744415, "1031623": -0.44441270913759323, "952520": 1.37388024395419, "570318": -0.2588726118833296, "566996": 0.0008835242726394132, "517973": 0.0008835242726394132, "1007573": -0.6670608258427095, "846681": -0.5928447869410041, "545113": 0.03799154372349213, "535899": -0.741276864744415, "1501154": 0.03799154372349213, "1511780": -0.07333251462906602, "1609850": -0.5928447869410041, "1237242": -0.44441270913759323, "255597": 2.4871208274797714, "429425": -0.2588726118833296, "1262322": 0.1493156020760503, "1535994": -0.3330886507850351}, "nodes": [577667, 1087492, 272005, 1068679, 398216, 1745161, 1587860, 1236249, 290844, 1509023, 269216, 1597478, 356392, 534573, 930736, 1064754, 1383859, 628536, 1163320, 347832, 977345, 1655746, 635203, 1456453, 1695685, 1031623, 952520, 570318, 566996, 517973, 1007573, 846681, 545113, 535899, 1501154, 1511780, 1609850, 1237242, 255597, 429425, 1262322, 1535994]}, "graph_0": {"labels": {"577667": 0.0, "1087492": 0.0, "272005": 1.0, "1068679": 0.0, "398216": 0.0, "1745161": 0.0, "1587860": 0.0, "1236249": 0.0, "290844": 0.0, "1509023": 0.0, "269216": 0.0, "1597478": 0.0, "356392": 0.0, "534573": 0.0, "930736": 0.0, "1064754": 0.0, "1383859": 0.0, "628536": 0.0, "1163320": 0.0, "347832": 0.0, "977345": 0.0, "1655746": 0.0, "635203": 0.0, "1456453": 0.0, "1695685": 0.0, "1031623": 0.0, "952520": 0.0, "570318": 0.0, "566996": 0.0, "517973": 0.0, "1007573": 0.0, "846681": 0.0, "545113": 0.0, "535899": 0.0, "1501154": 0.0, "1511780": 0.0, "1609850": 0.0, "1237242": 0.0, "255597": 0.0, "429425": 0.0, "1262322": 0.0, "1535994": 0.0}}, "graph_1": {"labels": {"577667": 0.0, "1087492": 0.0, "272005": 1.0, "1068679": 0.0, "398216": 0.0, "1745161": 0.0, "1587860": 0.0, "1236249": 0.0, "290844": 0.0, "1509023": 0.0, "269216": 1.0, "1597478": 0.0, "356392": 0.0, "534573": 0.0, "930736": 0.0, "1064754": 0.0, "1383859": 0.0, "628536": 1.0, "1163320": 0.0, "347832": 0.0, "977345": 0.0, "1655746": 0.0, "635203": 1.0, "1456453": 0.0, "1695685": 0.0, "1031623": 0.0, "952520": 0.0, "570318": 0.0, "566996": 0.0, "517973": 0.0, "1007573": 0.0, "846681": 1.0, "545113": 1.0, "535899": 0.0, "1501154": 0.0, "1511780": 0.0, "1609850": 0.0, "1237242": 0.0, "255597": 0.0, "429425": 0.0, "1262322": 0.0, "1535994": 0.0}}, "graph_2": {"labels": {"577667": 0.0, "1087492": 0.0, "272005": 1.0, "1068679": 0.0, "398216": 0.0, "1745161": 0.0, "1587860": 0.0, "1236249": 1.0, "290844": 1.0, "1509023": 0.0, "269216": 1.0, "1597478": 0.0, "356392": 0.0, "534573": 0.0, "930736": 0.0, "1064754": 0.0, "1383859": 0.0, "628536": 1.0, "1163320": 1.0, "347832": 0.0, "977345": 0.0, "1655746": 0.0, "635203": 1.0, "1456453": 1.0, "1695685": 0.0, "1031623": 0.0, "952520": 0.0, "570318": 0.0, "566996": 0.0, "517973": 0.0, "1007573": 0.0, "846681": 1.0, "545113": 1.0, "535899": 0.0, "1501154": 0.0, "1511780": 0.0, "1609850": 1.0, "1237242": 0.0, "255597": 0.0, "429425": 0.0, "1262322": 0.0, "1535994": 0.0}}, "graph_3": {"labels": {"577667": 0.0, "1087492": 0.0, "272005": 1.0, "1068679": 1.0, "398216": 0.0, "1745161": 0.0, "1587860": 0.0, "1236249": 1.0, "290844": 1.0, "1509023": 1.0, "269216": 1.0, "1597478": 0.0, "356392": 0.0, "534573": 0.0, "930736": 1.0, "1064754": 0.0, "1383859": 1.0, "628536": 1.0, "1163320": 1.0, "347832": 0.0, "977345": 0.0, "1655746": 0.0, "635203": 1.0, "1456453": 1.0, "1695685": 0.0, "1031623": 0.0, "952520": 1.0, "570318": 0.0, "566996": 0.0, "517973": 0.0,