{"graph_info": {"edges": [[963078, 433606], [963078, 300191], [963078, 98486], [941447, 433606], [1001098, 432355], [306831, 293521], [306831, 1291707], [306831, 432355], [293521, 1291707], [355986, 750518], [952090, 300191], [952090, 432355], [300191, 1291707], [1609761, 432355], [1329316, 255162], [545197, 433606], [545197, 249341], [601398, 98486], [601398, 101993], [98486, 1291707], [255162, 535648], [255162, 432355], [255162, 1291707], [1291707, 432355], [1211587, 432355], [433606, 903506], [1231081, 101993], [963078, 1060893], [963078, 938307], [963078, 601398], [963078, 535648], [963078, 300191], [963078, 433606], [963078, 943592], [963078, 577007], [963078, 750518], [941447, 1060893], [941447, 874526], [941447, 1609761], [941447, 601398], [941447, 433606], [1001098, 750518], [1001098, 545197], [306831, 750518], [355986, 750518], [1540372, 577007], [1540372, 952090], [1540372, 535648], [952090, 601398], [952090, 535648], [952090, 255162], [952090, 1291707], [952090, 432355], [952090, 943592], [952090, 577007], [1060893, 545197], [874526, 1609761], [874526, 750518], [1609761, 535648], [1329316, 601398], [1329316, 557880], [1329316, 750518], [1329316, 535648], [1329316, 975592], [1456681, 535648], [1456681, 601398], [962092, 1291707], [962092, 432355], [545197, 750518], [545197, 433606], [545197, 1571299], [545197, 1231081], [545197, 249341], [601398, 535648], [601398, 101993], [601398, 98486], [601398, 432355], [601398, 1291707], [601398, 750518], [601398, 577007], [750518, 535648], [750518, 1571299], [750518, 432355], [750518, 1231081], [750518, 101993], [750518, 975592], [255162, 535648], [1291707, 938307], [1291707, 943592], [433606, 903506], [433606, 943592], [535648, 432355], [535648, 577007], [975592, 1231081], [1220353, 874526], [963078, 1060893], [941447, 1363399], [941447, 1060893], [1001098, 545197], [1001098, 432355], [1540372, 1060893], [952090, 1060893], [1060893, 874526], [1060893, 1609761], [1060893, 1211587], [1060893, 545197], [1060893, 432355], [1060893, 1291707], [1060893, 577007], [874526, 1037540], [1329316, 557880], [1329316, 601398], [1329316, 535648], [1329316, 975592], [1329316, 1231081], [1329316, 255162], [1456681, 601398], [1456681, 535648], [545197, 1231081], [1291707, 1231081], [1291707, 1363399], [1291707, 432355], [1211587, 432355], [975592, 1231081], [1231081, 101993], [1540372, 577007], [1609761, 432355], [1609761, 1291707], [545197, 1571299]], "in_degree": {"1220353": -0.6750521659886101, "1377538": -0.5820161302914619, "963078": -0.2267876303568962, "941447": -0.4974379160213272, "1001098": -0.3621127731891117, "306831": -0.7257990945506909, "293521": -0.3113658446270309, "355986": -0.6750521659886101, "1540372": 0.0015735481724675048, "952090": -0.15066723751377495, "1060893": 1.17721072652734, "874526": -0.7342569159777044, "300191": -0.040715558962599846, "1609761": -0.45514880888625986, "1329316": 0.13689869100468302, "1456681": -0.032257737535586375, "962092": -0.32828148748105784, "545197": -0.4297753446052195, "1269938": -0.5566426660104216, "601398": 1.414029726483717, "98486": 1.0672590479761648, "750518": 4.188195154544135, "469049": -0.3959440588971656, "255162": -0.4128597017511925, "1291707": -0.9541602730800546, "557880": -0.6496787017075697, "938307": -0.47206445174028683, "1211587": -0.7257990945506909, "433606": -0.5989317731454888, "1363399": -0.023799916108572905, "903506": -0.20141416607585577, "535648": 1.5747283335969728, "1026530": 0.37371769096106017, "432355": -0.11683595180572108, "1037540": -0.23524545178390965, "1571299": -0.7680882016857583, "975592": -0.7511725588317313, "1231081": -0.1675828803678019, "101993": -0.4636066303132733, "943592": 2.3105587977471447, "577007": -0.05763120181662679, "1609081": -0.6158474159995158, "249341": 2.149860190633889}, "out_degree": {"1220353": -0.797864487090913, "1377538": -0.9695484217610177, "963078": 1.6343245874022372, "941447": 0.34669507737645183, "1001098": -0.19697071574554645, "306831": -0.3972686395273353, "293521": -0.797864487090913, "355986": -0.8550924653142812, "1540372": -0.5117245959740718, "952090": -0.22558470485723056, "1060893": 0.23223912092971535, "874526": -0.6261805524208083, "300191": -0.56895257419744, "1609761": -0.19697071574554645, "1329316": 2.2352183587476038, "1456681": 0.08916917537129476, "962092": -0.7406365088675447, "545197": 0.9475888487218184, "1269938": -0.05390077018712584, "601398": 3.3797779232149687, "98486": -0.2828126830805988, "750518": 1.2909567180620278, "469049": -0.9695484217610177, "255162": -0.3114266721922829, "1291707": -0.8264784762025971, "557880": -0.5403385850857559, "938307": -0.34004066130396704, "1211587": -0.34004066130396704, "433606": 0.2608531100413995, "1363399": -0.8264784762025971, "903506": -0.42588262863901943, "535648": 2.549972238976129, "1026530": -1.026776399984386, "432355": 1.4626406527321325, "1037540": -0.6834085306441765, "1571299": -0.3114266721922829, "975592": -0.5403385850857559, "1231081": 1.0334308160568708, "101993": 0.5469930011582407, "943592": -0.3972686395273353, "577007": -0.5975665633091242, "1609081": -0.8264784762025971, "249341": 0.17501114270634713}, "nodes": [1220353, 1377538, 963078, 941447, 1001098, 306831, 293521, 355986, 1540372, 952090, 1060893, 874526, 300191, 1609761, 1329316, 1456681, 962092, 545197, 1269938, 601398, 98486, 750518, 469049, 255162, 1291707, 557880, 938307, 1211587, 433606, 1363399, 903506, 535648, 1026530, 432355, 1037540, 1571299, 975592, 1231081, 101993, 943592, 577007, 1609081, 249341]}, "graph_0": {"labels": {"1220353": 0.0, "1377538": 0.0, "963078": 0.0, "941447": 0.0, "1001098": 0.0, "306831": 0.0, "293521": 0.0, "355986": 0.0, "1540372": 0.0, "952090": 0.0, "1060893": 0.0, "874526": 0.0, "300191": 0.0, "1609761": 0.0, "1329316": 0.0, "1456681": 0.0, "962092": 0.0, "545197": 0.0, "1269938": 0.0, "601398": 0.0, "98486": 0.0, "750518": 0.0, "469049": 0.0, "255162": 0.0, "1291707": 1.0, "557880": 0.0, "938307": 0.0, "1211587": 0.0, "433606": 0.0, "1363399": 0.0, "903506": 0.0, "535648": 0.0, "1026530": 0.0, "432355": 0.0, "1037540": 0.0, "1571299": 0.0, "975592": 0.0, "1231081": 0.0, "101993": 0.0, "943592": 0.0, "577007": 0.0, "1609081": 0.0, "249341": 0.0}}, "graph_1": {"labels": {"1220353": 0.0, "1377538": 0.0, "963078": 1.0, "941447": 1.0, "1001098": 0.0, "306831": 0.0, "293521": 0.0, "355986": 0.0, "1540372": 0.0, "952090": 0.0, "1060893": 1.0, "874526": 1.0, "300191": 0.0, "1609761": 0.0, "1329316": 0.0, "1456681": 0.0, "962092": 1.0, "545197": 0.0, "1269938": 0.0, "601398": 0.0, "98486": 0.0, "750518": 0.0, "469049": 0.0, "255162": 0.0, "1291707": 1.0, "557880": 0.0, "938307": 0.0, "1211587": 0.0, "433606": 0.0, "1363399": 0.0, "903506": 0.0, "535648": 0.0, "1026530": 0.0, "432355": 0.0, "1037540": 0.0, "1571299": 0.0, "975592": 0.0, "1231081": 0.0, "101993": 0.0, "943592": 0.0, "577007": 0.0, "1609081": 0.0, "249341": 0.0}}, "graph_2": {"labels": {"1220353": 0.0, "1377538": 0.0, "963078": 1.0, "941447": 1.0, "1001098": 0.0, "306831": 0.0, "293521": 0.0, "355986": 0.0, "1540372": 0.0, "952090": 0.0, "1060893": 1.0, "874526": 1.0, "300191": 0.0, "1609761": 0.0, "1329316": 1.0, "1456681": 1.0, "962092": 1.0, "545197": 1.0, "1269938": 0.0, "601398": 0.0, "98486": 0.0, "750518": 0.0, "469049": 0.0, "255162": 0.0, "1291707": 1.0, "557880": 0.0, "938307": 0.0, "1211587": 0.0, "433606": 0.0, "1363399": 0.0, "903506": 0.0, "535648": 0.0, "1026530": 0.0, "432355": 0.0, "1037540": 0.0, "1571299": 0.0, "975592": 1.0, "1231081": 1.0, "101993": 0.0, "943592": 0.0, "577007": 0.0, "1609081": 0.0, "249341": 0.0}}, "graph_3": {"labels": {"1220353": 0.0, "1377538": 0.0, "963078": 1.0, "941447": 1.0, "1001098": 0.0, "306831": 0.0, "293521": 1.0, "355986": 0.0, "1540372": 0.0, "952090": 0.0, "1060893": 1.0, "874526": 1.0, "300191": 0.0, "1609761": 1.0, "1329316": 1.0, "1456681": 1.0, "962092": 1.0, "545197": 1.0, "1269938": 0.0, "601398": 1.0, "98486": 0.0, "750518": 0.0, "469049": 0.0, "255162": 0.0, "1291707": 1.0,