{"graph_info": {"edges": [[908928, 238374], [908928, 256322], [908928, 282225], [908928, 299272], [153733, 1514571], [153733, 1487328], [299272, 1487328], [1614589, 238908], [268174, 1514571], [268174, 238908], [268174, 1487328], [286107, 1514571], [286107, 282225], [286107, 337373], [286107, 1487328], [238374, 1514571], [238374, 1487328], [238374, 282225], [238374, 916320], [238374, 1484524], [238374, 473770], [489000, 1514571], [489000, 1484524], [489000, 1487328], [473770, 1514571], [473770, 1542245], [473770, 1487328], [473770, 885232], [238908, 1514571], [238908, 1487328], [238908, 1484524], [75455, 1514571], [75455, 1487328], [256322, 1487328], [256322, 885232], [484037, 1514571], [484037, 1487328], [152778, 1514571], [152778, 1487328], [1514571, 230507], [1514571, 247117], [1514571, 337373], [1514571, 282225], [1514571, 389841], [1514571, 471912], [389841, 1487328], [920020, 282225], [337373, 1487328], [337373, 282225], [337373, 1484524], [1487328, 230507], [1487328, 471912], [1487328, 282225], [916320, 282225], [471912, 885232], [885232, 282225], [908928, 916320], [908928, 1514571], [908928, 1487328], [908928, 282225], [908928, 679805], [908928, 256322], [908928, 238374], [908928, 885232], [931465, 1487328], [931465, 1514571], [268174, 916320], [600606, 1487328], [600606, 1514571], [853794, 1487328], [507939, 1514571], [507939, 1487328], [238374, 916320], [507705, 1514571], [507705, 1487328], [979134, 1487328], [979134, 1514571], [256322, 885232], [1514571, 733292], [1514571, 971126], [1514571, 941268], [1514571, 916320], [1514571, 920020], [1514571, 920024], [1514571, 679805], [920020, 1487328], [920020, 282225], [941268, 1487328], [920024, 1487328], [1487328, 733292], [1487328, 885232], [1487328, 916320], [1487328, 650215], [1487328, 679805], [471912, 885232], [489000, 1484524], [238908, 1484524], [1514571, 1221838], [1514571, 1484524], [1514571, 1487328], [1221838, 1487328], [1487328, 1484524], [1595778, 1487328], [1595778, 1514571], [1614589, 1487328], [1614589, 1514571], [1614589, 238908], [1517337, 1514571], [1517337, 1487328], [1579429, 1487328], [1579429, 1514571], [489000, 1542245], [1595689, 1487328], [1592493, 1514571], [1592493, 1487328], [1572408, 1514571], [1572408, 1487328], [1705913, 1514571], [1705913, 1487328], [1514571, 1619050], [1514571, 1487328], [1514571, 1542245], [1514571, 1617781], [1487328, 1542245], [1487328, 1617781], [1487328, 1619050]], "in_degree": {"908928": 0.7958926902906817, "1595778": -0.8689468429430264, "153733": 0.2740773142025045, "299272": -0.28501058874911384, "931465": -0.7509171745421291, "268174": 0.2057443482861956, "1517337": -0.4589490474451729, "286107": -0.2539501496962462, "600606": -0.4775853108768935, "853794": -0.44652487182402584, "507939": -0.3844039937182904, "1579429": -0.8875831063747469, "238374": 2.870730019022243, "489000": 0.05665424083243069, "1595689": -0.5459182767932024, "473770": 2.8520937555905226, "1592493": -0.32228311561255507, "1572408": -0.5459182767932024, "1705913": 0.26786522639193094, "507705": -0.6577358573835261, "238908": -0.4651611352557464, "979134": -0.4589490474451729, "75455": -0.2787985009385403, "256322": -0.2912226765596874, "484037": -0.42167652058173166, "152778": -0.7944017892161439, "1514571": -0.6328875061412319, "247117": -0.5583424524143495, "1221838": -0.5956149792777907, "612432": -0.4589490474451729, "389841": -0.41546443277115813, "920020": -0.6639479451940996, "941268": -0.6080391548989378, "920024": -0.20425344721165786, "337373": 3.5789080294276263, "1487328": -0.1421325691059225, "916320": 2.1749761842380066, "1542245": 1.007103675850182, "650215": -0.005466637273304684, "471912": 0.47907621195143124, "1619050": -0.05516333975789298, "230507": -0.6639479451940996, "733292": 0.6716509340792108, "1484524": -0.3781919059077169, "679805": 0.44801577289856354, "885232": -0.7633413501632762, "282225": 1.796038827793021, "1617781": -0.37197981809714337, "971126": -0.6266754183306584, "1614589": -0.7384929989209821}, "out_degree": {"908928": 1.1567924717696474, "1595778": -0.8311487644957041, "153733": 3.712716918396528, "299272": -0.8784806986924981, "931465": -0.4524932909213514, "268174": 1.1094605375728535, "1517337": -0.78381683029891, "286107": 0.2101537878337658, "600606": 0.6361411956049126, "853794": -0.4998252251181455, "507939": -0.6891529619053218, "1579429": -0.8311487644957041, "238374": 1.9614353531151467, "489000": -0.4998252251181455, "1595689": 0.4941453930145303, "473770": 0.25748572203055986, "1592493": 0.30481765622735396, "1572408": 1.0147966691792651, "1705913": -0.40516135672455733, "507705": -0.6891529619053218, "238908": 0.4941453930145303, "979134": -0.6418210277085278, "75455": -0.8311487644957041, "256322": 0.11548991944017763, "484037": -0.35782942252776323, "152778": -0.8311487644957041, "1514571": -0.16850168574058688, "247117": -0.8311487644957041, "1221838": -0.8784806986924981, "612432": -0.7364848961021159, "389841": 0.5888092614081185, "920020": -0.4524932909213514, "941268": -0.6418210277085278, "920024": -0.8784806986924981, "337373": 1.7721076163279703, "1487328": 2.3874227608862935, "916320": -0.21583361993738095, "1542245": -0.5471571593149396, "650215": -0.8784806986924981, "471912": -0.1211697515437928, "1619050": -0.4998252251181455, "230507": -0.6418210277085278, "733292": -0.78381683029891, "1484524": 1.5827798795407941, "679805": -0.07383781734699871, "885232": 0.11548991944017763, "282225": 1.535447945344, "1617781": -0.78381683029891, "971126": -0.6891529619053218, "1614589": -0.40516135672455733}, "nodes": [908928, 1595778, 153733, 299272, 931465, 268174, 1517337, 286107, 600606, 853794, 507939, 1579429, 238374, 489000, 1595689, 473770, 1592493, 1572408, 1705913, 507705, 238908, 979134, 75455, 256322, 484037, 152778, 1514571, 247117, 1221838, 612432, 389841, 920020, 941268, 920024, 337373, 1487328, 916320, 1542245, 650215, 471912, 1619050, 230507, 733292, 1484524, 679805, 885232, 282225, 1617781, 971126, 1614589]}, "graph_0": {"labels": {"908928": 0.0, "1595778": 0.0, "153733": 0.0, "299272": 0.0, "931465": 0.0, "268174": 0.0, "1517337": 0.0, "286107": 0.0, "600606": 0.0, "853794": 0.0, "507939": 0.0, "1579429": 0.0, "238374": 0.0, "489000": 0.0, "1595689": 0.0, "473770": 0.0, "1592493": 0.0, "1572408": 0.0, "1705913": 0.0, "507705": 0.0, "238908": 0.0, "979134": 0.0, "75455": 0.0, "256322": 0.0, "484037": 0.0, "152778": 0.0, "1514571": 0.0, "247117": 0.0, "1221838": 0.0, "612432": 0.0, "389841": 0.0, "920020": 0.0, "941268": 0.0, "920024": 0.0, "337373": 0.0, "1487328": 1.0, "916320": 0.0, "1542245": 0.0, "650215": 0.0, "471912": 0.0, "1619050": 0.0, "230507": 0.0, "733292": 0.0, "1484524": 0.0, "679805": 0.0, "885232": 0.0, "282225": 0.0, "1617781": 0.0, "971126": 0.0, "1614589": 0.0}}, "graph_1": {"labels": {"908928": 0.0, "1595778": 0.0, "153733": 0.0, "299272": 1.0, "931465": 0.0, "268174": 0.0, "1517337": 0.0, "286107": 0.0, "600606": 1.0, "853794": 0.0, "507939": 0.0, "1579429": 0.0, "238374": 0.0, "489000": 1.0, "1595689": 0.0, "473770": 0.0, "1592493": 0.0, "1572408": 0.0, "1705913": 0.0, "507705": 0.0, "238908": 0.0, "979134": 0.0, "75455": 0.0, "256322": 0.0, "484037": 0.0, "152778": 0.0, "1514571": 0.0, "247117": 0.0, "1221838": 0.0, "612432": 0.0, "389841": 0.0, "920020": 0.0, "941268": 0.0, "920024": 0.0, "337373": 0.0, "1487328": 1.0, "916320": 0.0, "1542245": 0.0, "650215": 0.0, "471912": 1.0, "1619050": 0.0, "230507": 1.0, "733292": 0.0, "1484524": 0.0, "679805": 0.0, "885232": 0.0, "282225": 0.0, "1617781": 0.0, "971126": 0.0, "1614589": 0.0}}, "graph_2": {"labels": {"908928": 1.0, "1595778": 0.0, "153733": 0.0, "299272": 1.0, "931465": 1.0, "268174": 0.0, "1517337": 0.0, "286107": 0.0, "600606": 1.0, "853794": 0.0, "507939": 0.0, "1579429": 0.0, "238374": 1.0, "489000": 1.0, "1595689": 0.0, "473770": 0.0, "1592493": 0.0, "1572408": 0.0, "1705913": 0.0, "507705": 0.0, "238908": 0.0, "979134": 0.0, "75455": 1.0, "256322": 0.0, "484037": 0.0, "152778": 0.0, "1514571": 0.0,